Index,Geography,Place,Demonym,Suffix
1,Continent,Afro-Eurasia,Afro-Eurasian,n
2,Continent,Africa,African,n
3,Continent,Eurasia,Eurasian,n
4,Continent,Asia,Asian,n
5,Continent,Middle East,Middle Eastern,ern
6,Continent,Europe,European,an
7,Continent,America,American,n
8,Continent,North America,North American,n
9,Continent,Caribbean,Caribbean,
10,Continent,Central America,Central American,n
11,Continent,Northern America,Northern American,n
12,Continent,South America,South American,n
13,Continent,Oceania,Oceanian,n
14,Continent,Australasia,Australasian,n
15,Continent,Zealandia,Zealandian,n
16,Continent,Pacific Islands,Pacific Islands,
17,Country,Abkhazia,Abkhazian,n
18,Country,Albania,Albanian,n
19,Country,Algeria,Algerian,n
20,Country,American Samoa,American Samoan,n
21,Country,Andorra,Andorran,n
22,Country,Angola,Angolan,n
23,Country,Anguilla,Anguillan,n
24,Country,Armenia,Armenian,n
25,Country,Aruba,Aruban,n
26,Country,Australia,Australian,n
27,Country,Austria,Austrian,n
28,Country,Azerbaijan,Azerbaijani,i
29,Country,Bahrain,Bahraini,i
30,Country,Bangladesh,Bangladeshi,i
31,Country,Belarus,Belarusian,ian
32,Country,Belize,Belizean,an
33,Country,Benin,Beninese,ese
34,Country,Bhutan,Bhutanese,ese
35,Country,Bolivia,Bolivian,n
36,Country,Brazil,Brazilian,ian
37,Country,Brunei,Bruneian,an
38,Country,Bulgaria,Bulgarian,n
39,Country,Burundi,Burundian,an
40,Country,Cambodia,Cambodian,n
41,Country,Cameroon,Cameroonian,ian
42,Country,Cape Verde,Cape Verdean,an
43,Country,Chad,Chadian,ian
44,Country,Chile,Chilean,an
45,Country,Christmas Island,Christmas Island,
46,Country,Colombia,Colombian,n
47,Country,Costa Rica,Costa Rican,n
48,Country,Croatia,Croatian,n
49,Country,Cuba,Cuban,n
50,Country,Djibouti,Djiboutian,an
51,Country,Dominica,Dominicand,nd
52,Country,Ecuador,Ecuadorian,ian
53,Country,Egypt,Egyptian,ian
54,Country,Equatorial Guinea,Equatorial Guinean,n
55,Country,Eritrea,Eritrean,n
56,Country,Estonia,Estonian,n
57,Country,Ethiopia,Ethiopian,n
58,Country,Fiji,Fijian,an
59,Country,French Polynesia,French Polynesian,n
60,Country,Gabon,Gabonese,ese
61,Country,Gambia,Gambian,n
62,Country,Georgia,Georgian,n
63,Country,Ghana,Ghanaian,ian
64,Country,Gibraltar,Gibraltar,
65,Country,Greenland,Greenlandic,ic
66,Country,Guadeloupe,Guadeloupe,
67,Country,Guatemala,Guatemalan,n
68,Country,Guinea,Guinean,n
69,Country,Haiti,Haitian,an
70,Country,Hong Kong,Hong Kong,
71,Country,Iceland,Icelandic,ic
72,Country,India,Indian,n
73,Country,Indonesia,Indonesian,n
74,Country,Iran,Iranian,ian
75,Country,Iraq,Iraqi,i
76,Country,Israel,Israeli,i
77,Country,Jamaica,Jamaican,n
78,Country,Japan,Japanese,ese
79,Country,Jordan,Jordanian,ian
80,Country,Kenya,Kenyan,n
81,Country,Kiribati,Kiribati,
82,Country,North Korea,North Korean,n
83,Country,South Korea,South Korean,n
84,Country,Kuwait,Kuwaiti,i
85,Country,Kyrgyzstan,Kyrgyzstani,i
86,Country,Latvia,Latvian,n
87,Country,Liberia,Liberian,n
88,Country,Libya,Libyan,n
89,Country,Liechtenstein,Liechtenstein,
90,Country,Lithuania,Lithuanian,n
91,Country,Luxembourg,Luxembourg,
92,Country,Malawi,Malawian,an
93,Country,Malaysia,Malaysian,n
94,Country,Mali,Malian,an
95,Country,Mauritania,Mauritanian,n
96,Country,Micronesia,Micronesian,n
97,Country,Moldova,Moldovan,n
98,Country,Mongolia,Mongolian,n
99,Country,Montserrat,Montserratian,ian
100,Country,Namibia,Namibian,n
101,Country,Nauru,Nauruan,an
102,Country,Nepal,Nepali,i
103,Country,New Caledonia,New Caledonian,n
104,Country,New Zealand,New Zealand,
105,Country,Nicaragua,Nicaraguan,n
106,Country,Niue,Niuean,an
107,Country,Niger,Nigerien,ien
108,Country,Nigeria,Nigerian,n
109,Country,Oman,Omani,i
110,Country,Pakistan,Pakistani,i
111,Country,Palau,Palauan,an
112,Country,Panama,Panamanian,nian
113,Country,Papua New Guinea,Papua New Guinean,n
114,Country,Paraguay,Paraguayan,an
115,Country,Peru,Peruvian,vian
116,Country,Pitcairn Island,Pitcairn Island,
117,Country,Qatar,Qatari,i
118,Country,Reunion,Reunionese,ese
119,Country,Romania,Romanian,n
120,Country,Russia,Russian,n
121,Country,Rwanda,Rwandan,n
122,Country,St. Lucia,St. Lucian,n
123,Country,Samoa,Samoan,n
124,Country,Senegal,Senegalese,ese
125,Country,Serbia,Serbian,n
126,Country,Sierra Leone,Sierra Leonean,an
127,Country,Singapore,Singapore,
128,Country,South Africa,South African,n
129,Country,South Ossetia,South Ossetian,n
130,Country,Sri Lanka,Sri Lankan,n
131,Country,Sudan,Sudanese,ese
132,Country,Surinam,Surinamese,ese
133,Country,Syria,Syrian,n
134,Country,Taiwan,Taiwanese,ese
135,Country,Tajikistan,Tajikistani,i
136,Country,Tanzania,Tanzanian,n
137,Country,Togo,Togolese,lese
138,Country,Tonga,Tongan,n
139,Country,Tunisia,Tunisian,n
140,Country,Tuvalu,Tuvaluan,an
141,Country,Uganda,Ugandan,n
142,Country,Uruguay,Uruguayan,an
143,Country,Uzbekistan,Uzbekistani,i
144,Country,Venezuela,Venezuelan,n
145,Country,Vietnam,Vietnamese,ese
146,Country,Yemen,Yemeni,i
147,Country,Zambia,Zambian,n
148,Country,Zimbabwe,Zimbabwean,an
149,Brazil,Acre,Acrean,an
150,Brazil,Bahia,Bahian,n
151,Canada,Alberta,Albertan,n
152,Canada,British Columbia,British Columbian,n
153,Canada,Manitoba,Manitoban,n
154,Canada,New Brunswick,New Brunswick,
155,Canada,Newfoundland and Labrador,Newfoundland and Labrador,
156,Canada,Nova Scotia,Nova Scotian,n
157,Canada,Nunavut,Nunavut,
158,Canada,Ontario,Ontario,
159,Canada,Prince Edward Island,Prince Edward Island,
160,Canada,Quebec,Quebec,
161,Canada,Saskatchewan,Saskatchewan,
162,Canada,Yukon,Yukon,
163,Germany,Bavaria,Bavarian,n
164,Germany,Berlin,Berliner,er
165,Germany,Brandenburg,Brandenburgish,ish
166,Germany,Franconia,Franconian,n
167,Germany,Hamburg,Hamburgish,ish
168,Germany,Mecklenburg,Mecklenburgish,ish
169,Germany,Westphalia,Westphalian,n
170,Germany,Pomerania,Pomeranian,n
171,Germany,Prussia,Prussian,n
172,Germany,Silesia,Silesian,n
173,Germany,Swabia,Swabian,n
174,Germany,Thuringia,Thuringian,n
175,India,Andaman,Andamanese,ese
176,India,Assam,Assamese,ese
177,India,Bihar,Bihari,i
178,India,Chandigarh,Chandigarhi,i
179,India,Chhattisgarh,Chhattisgarhi,i
180,India,Dadra,Dadran,n
181,India,Nagar Haveli,Nagar Havelian,an
182,India,Daman,Damanese,ese
183,India,Diu,Diuese,ese
184,India,Delhi,Delhiite,ite
185,India,Goa,Goan,n
186,India,Gujarat,Gujarati,i
187,India,Jammu,Jammu,
188,India,Jharkhand,Jharkhandi,i
189,India,Karnataka,Karnatakan,n
190,India,Ladakh,Ladakhi,i
191,India,Madhya Pradesh,Madhya Pradeshi,i
192,India,Manipur,Manipuri,i
193,India,Meghalaya,Meghalayan,n
194,India,Nagaland,Naga,Naga
195,India,Odisha,Odishan,n
196,India,Punjab,Punjabi,i
197,India,Rajasthan,Rajasthani,i
198,India,Sikkim,Sikkimese,ese
199,India,Uttar Pradesh,Uttar Pradeshi,i
200,India,Uttarakhand,Uttarakhandi,i
201,India,West Bengal,West Bengali,i
202,Bangladesh,Barisal,Barisali,i
203,Bangladesh,Dhaka,Dhakai,i
204,Bangladesh,Khulna,Khulnaiya,iya
205,Bangladesh,Mymensingh,Mymensinghiya,iya
206,Bangladesh,Rajshahi,Rajshahiya,ya
207,Bangladesh,Rangpur,Rangpuri,i
208,Bangladesh,Sylhet,Sylheti,i
209,Malaysia,Johor,Johorean,ean
210,Malaysia,Kedah,Kedahan,an
211,Malaysia,Kelantan,Kelantanese,ese
212,Malaysia,Kuala Lumpur,Kuala Lumpurian,ian
213,Malaysia,Labuan,Labuanese,ese
214,Malaysia,Malacca,Malaccan,n
215,Malaysia,Negeri Sembilan,Negeri Sembilanese,ese
216,Malaysia,Pahang,Pahangite,ite
217,Malaysia,Penang,Penangite,ite
218,Malaysia,Perak,Perakian,ian
219,Malaysia,Perlis,Perlisian,ian
220,Malaysia,Putrajaya,Putrajayan,n
221,Malaysia,Sabah,Sabahan,an
222,Malaysia,Sarawak,Sarawakian,ian
223,Malaysia,Selangor,Selangorean,ean
224,Malaysia,Terengganu,Terengganuan,an
225,Malaysia,West Malaysia,West Malaysian,n
226,Malaysia,East Malaysia,East Malaysian,n
227,Mexico,Chihuahua,Chihuahuan,n
228,Mexico,Durango,Durangolese,lese
229,Mexico,Hidalgo,Hidalgolese,lese
230,Mexico,Nayarit,Nayarita,a
231,Mexico,Oaxaca,Oaxacan,n
232,Mexico,Sinaloa,Sinaloan,n
233,Mexico,Sonora,Sonoran,n
234,Mexico,Veracruz,Veracruzan,an
235,US,Acarnania,Acarnanian,n
236,US,Achaea,Achaean,n
237,US,Aethaea,Aethaean,n
238,US,Aetolia,Aetolian,n
239,US,Andalusia,Andalusian,n
240,US,Apulia,Apulian,n
241,US,Aquitania,Aquitanian,n
242,US,Arcadia,Arcadian,n
243,US,Bactria,Bactrian,n
244,US,Bavaria,Bavarian,n
245,US,Boeotia,Boeotian,n
246,US,Calabria,Calabrian,n
247,US,Campania,Campanian,n
248,US,Cantabria,Cantabrian,n
249,US,Caria,Carian,n
250,US,Cephalonia,Cephalonian,n
251,US,Consentia,Consentian,n
252,US,Corsica,Corsican,n
253,US,Croton,Crotonian,ian
254,US,Dacia,Dacian,n
255,US,Dalmatia,Dalmatian,n
256,US,Edonia,Edonian,n
257,US,Egesta,Egestan,n
258,US,Eretria,Eretrian,n
259,US,Etruria,Etrurian,n
260,US,Euboea,Euboean,n
261,US,Galatia,Galatian,n
262,US,Iberia,Iberian,n
263,US,Illyria,Illyrian,n
264,US,Ionia,Ionian,n
265,US,Kaulonia,Kaulonian,n
266,US,Lakedaimonia,Lakedaimonian,n
267,US,Larissa,Larissan,n
268,US,Leontini,Leontinian,an
269,US,Lucania,Lucanian,n
270,US,Lydia,Lydian,n
271,US,Macedonia,Macedonian,n
272,US,Maeonia,Maeonian,n
273,US,Marathon,Marathonian,ian
274,US,Media,Median,n
275,US,Mesopotamia,Mesopotamian,n
276,US,Messenia,Messenian,n
277,US,Moravia,Moravian,n
278,US,Mycenae,Mycenaean,an
279,US,Mytilene,Mytilenean,an
280,US,Oea,Oean,n
281,US,Olympia,Olympian,n
282,US,Paeonia,Paeonian,n
283,US,Pamphylia,Pamphylian,n
284,US,Persia,Persian,n
285,US,Philippi,Philippian,an
286,US,Phoenicia,Phoenician,n
287,US,Phrygia,Phrygian,n
288,US,Pisidia,Pisidian,n
289,US,Pylos,Pylosian,ian
290,US,Sardinia,Sardinian,n
291,US,Sarmatia,Sarmatian,n
292,US,Serica,Sere,Sere
293,US,Sicyon,Sicyonian,ian
294,US,Sidon,Sidonian,ian
295,US,Silesia,Silesian,n
296,US,Sparta,Spartan,n
297,US,Symi,Symian,an
298,US,Tegea,Tegean,n
299,US,Thria,Thriasian,sian
300,US,Thuria,Thuriat,t
301,US,Thynia,Thynian,n
302,US,Troezen,Troezenian,ian
303,US,Umbria,Umbrian,n
304,US,Xanthi,Xanthian,an
305,Others,Andor,Andorian,ian
306,Others,Blefuscu,Blefuscudian,dian
307,Others,Borduria,Bordurian,n
308,Others,Brobdingnag,Brobdingnagian,ian
309,Others,Lilliput,Lilliputian,ian
310,Others,Cardassia,Cardassian,n
311,Others,Bajor,Bajoran,an
312,Others,Gallifrey,Gallifreyan,an
313,Others,Genosha,Genoshan,n
314,Others,Islandia,Islandian,n
315,Others,Krypton,Kryptonian,ian
316,Others,Latveria,Latverian,n
317,Others,Narnia,Narnian,n
318,Others,Numenor,Numenorean,ean
319,Others,Daedric,Daedric,
320,Others,Oz,Ozian,ian
321,Others,Skaro,Skaroene,ene
322,Others,Sontar,Sontaran,an
323,Others,Syldavia,Syldavian,n
324,Others,Utopia,Utopian,n
325,Others,Wakanda,Wakandan,n
326,Others,Westeros,Westerosi,i
327,Others,Vulcan,Vulcan,
328,City,Aarhus,Aarhusian,ian
329,City,Abidjan,Abidjanais,ais
330,City,Adelaide,Adelaidean,an
331,City,Addis,Addis,
332,City,Aix,Aixois,ois
333,City,Albuquerque,Albuquerquean,an
334,City,Amalfi,Amalfitan,tan
335,City,Amman,Ammani,i
336,City,Ammon,Ammonite,ite
337,City,Amsterdam,Amsterdammer,mer
338,City,Anchorage,Anchorageite,ite
339,City,Andong,Andong,
340,City,Antakya,Antakyan,n
341,City,Antalya,Antalyan,n
342,City,Aosta,Aostan,n
343,City,Aqaba,Aqabawi,wi
344,City,Arlington,Arlingtonian,ian
345,City,Ashdod,Ashdodi,i
346,City,Ashkelon,Ashkelonian,ian
347,City,Asmara,Asmaran,n
348,City,Atlanta,Atlantan,n
349,City,Auckland,Auckland,
350,City,Bacolod,Bacolodnon,non
351,City,Baku,Bakuvian,vian
352,City,Baltimore,Baltimorean,an
353,City,Bandung,Bandungite,ite
354,City,Bangalore,Bangalorean,an
355,City,Bangkok,Bangkokian,ian
356,City,Barisal,Barisali,i
357,City,Baton,Baton,
358,City,Bedford,Bedfordian,ian
359,City,Beersheba,Beersheban,n
360,City,Beijing,Beijingese,ese
361,City,Beirut,Beiruti,i
362,City,Belfast,Belfast,
363,City,Bergen,Bergener,er
364,City,Berlin,Berliner,er
365,City,Bern,Bernese,ese
366,City,Bhopal,Bhopali,i
367,City,Birmingham,Birminghamian,ian
368,City,Blackburn,Blackburnian,ian
369,City,Bnei,Bnei,
370,City,Bodrum,Bodrumian,ian
371,City,Boise,Boisean,an
372,City,Bolton,Boltonian,ian
373,City,Bossangoa,Bossangoan,n
374,City,Boston,Bostonian,ian
375,City,Bradford,Bradfordian,ian
376,City,Bratislava,Bratislavan,n
377,City,Brescia,Brescian,n
378,City,Brighton,Brightonian,ian
379,City,Bristol,Bristolian,ian
380,City,Brooklyn,Brooklynite,ite
381,City,Bucharest,Bucharestian,ian
382,City,Budapest,Budapestian,ian
383,City,Buffalo,Buffalonian,nian
384,City,Burlington,Burlingtonian,ian
385,City,Bursa,Bursanese,nese
386,City,Busan,Busan,
387,City,Calais,Calais,
388,City,Cagayan,Cagayanon,on
389,City,Cairns,Cairnsite,ite
390,City,Canberra,Canberran,n
391,City,Cardiff,Cardiffian,ian
392,City,Carson,Carsonite,ite
393,City,Casper,Casperite,ite
394,City,Castlecrag,Castlecragian,ian
395,City,Cebu,Cebuano,ano
396,City,Changwon,Changwon,
397,City,Charleston,Charlestonian,ian
398,City,Charlotte,Charlottean,an
399,City,Chelmsford,Chelmsfordian,ian
400,City,Chennai,Chennaite,te
401,City,Cheyenne,Cheyenneite,ite
402,City,Chicago,Chicagoan,an
403,City,Chilliwack,Chilliwackian,ian
404,City,Cincinnati,Cincinnatian,an
405,City,Cleveland,Clevelander,er
406,City,Coimbatore,Coimbatoreian,ian
407,City,Colchester,Colchester,
408,City,Columbus,Columbusite,ite
409,City,Copenhagen,Copenhagener,er
410,City,Corinth,Corinthian,ian
411,City,Cork,Cork,
412,City,Cusco,Cusco,
413,City,Curitiba,Curitibano,no
414,City,Daegu,Daegu,
415,City,Dalaman,Dalamanian,ian
416,City,Dallas,Dallasite,ite
417,City,Darwin,Darwinian,ian
418,City,Delhi,Delhiite,ite
419,City,Denizli,Denizlian,an
420,City,Denver,Denver,
421,City,Derry,Derry,
422,City,Detroit,Detroiter,er
423,City,Devonport,Devonportian,ian
424,City,Dhaka,Dhakai,i
425,City,Dresden,Dresdener,er
426,City,Dublin,Dublin,
427,City,Dubai,Dubaite,te
428,City,Duluth,Duluthian,ian
429,City,Dunedin,Dunedin,
430,City,Durango,Durangoan,an
431,City,Durban,Durban,
432,City,East,East,
433,City,Edmonton,Edmontonian,ian
434,City,Eilat,Eilatian,ian
435,City,El,El,
436,City,Erzurum,Erzurumian,ian
437,City,Eugene,Eugenean,an
438,City,Everett,Everettite,ite
439,City,Fargo,Fargoan,an
440,City,Frankfurt,Frankfurter,er
441,City,Fredericton,Frederictonian,ian
442,City,Galway,Galway,
443,City,Gaza,Gazan,n
444,City,Gibraltar,Gibraltarian,ian
445,City,Geelong,Geelong,
446,City,Geneva,Genevan,n
447,City,Germiston,Germistonian,ian
448,City,Ghent,Ghentian,ian
449,City,Gold,Gold,
450,City,Gosford,Gosford,
451,City,Gothenburg,Gothenburger,er
452,City,Grand,Grand,
453,City,Graz,Grazer,er
454,City,Guayaquil,Guayaquilean,ean
455,City,Guelph,Guelphite,ite
456,City,Gumi,Gumi,
457,City,Gwangju,Gwangju,
458,City,Gyeongju,Gyeongju,
459,City,Haifa,Haifan,n
460,City,Hamburg,Hamburgian,ian
461,City,Hamilton,Hamiltonian,ian
462,City,Hanoi,Hanoian,an
463,City,Hanover,Hanoverian,ian
464,City,Harbin,Harbinite,ite
465,City,Harrisburg,Harrisburger,er
466,City,Hatay,Hatayan,an
467,City,Helsinki,Helsinkian,an
468,City,Hobart,Hobartian,ian
469,City,Holon,Holonian,ian
470,City,Hong,Hong,
471,City,Houston,Houstonian,ian
472,City,Hyderabad,Hyderabadi,i
473,City,Incheon,Incheon,
474,City,Invercargill,Invercargill,
475,City,Inverness,Invernessian,ian
476,City,Ipoh,Ipohian,ian
477,City,Islamabad,Islamabadi,i
478,City,Itabira,Itabirano,no
479,City,Istanbul,Istanbulite,ite
480,City,Ithaca,Ithacan,n
481,City,Izmir,Izmirite,ite
482,City,Izmit,Izmitite,ite
483,City,Jakarta,Jakartan,n
484,City,Jeonju,Jeonju,
485,City,Jerusalem,Jerusalemite,ite
486,City,Johannesburg,Johannesburg,
487,City,Joshua,Joshuan,n
488,City,Juba,Juban,n
489,City,Kansas,Kansas,
490,City,Karachi,Karachiite,ite
491,City,Karpasia,Karpasias,s
492,City,Kastoria,Kastorian,n
493,City,Kayseri,Kayserian,an
494,City,Kenosha,Kenoshan,n
495,City,Khulna,Khulna,
496,City,Kingston,Kingstonian,ian
497,City,Kitchener,Kitchenerite,ite
498,City,Konya,Konyanite,nite
499,City,Kuching,Kuchingite,ite
500,City,Kyiv,Kyivan,an
501,City,Lagos,Lagosian,ian
502,City,Larnaka,Larnakade,de
503,City,Las,Las,
504,City,Laval,Lavalois,ois
505,City,Leipzig,Leipziger,er
506,City,Lexington,Lexingtonian,ian
507,City,Liberal,Liberalite,ite
508,City,Limerick,Limerick,
509,City,Linz,Linzer,er
510,City,London,Londoner,er
511,City,Los,Los,
512,City,Luanda,Luandan,n
513,City,Luton,Lutonian,ian
514,City,Lviv,Lvivite,ite
515,City,Lyon,Lyonese,ese
516,City,Mackay,Mackayite,ite
517,City,Malacca,Malaccan,n
518,City,Malatya,Malatyan,n
519,City,Manisa,Manisanian,nian
520,City,Mantua,Mantuan,n
521,City,Marathon,Marathonian,ian
522,City,Mardin,Mardinian,ian
523,City,Marmaris,Marmarisian,ian
524,City,Marshall,Marshall,
525,City,Mersin,Mersinite,ite
526,City,Mecca,Meccan,n
527,City,Medina,Medinan,n
528,City,Miami,Miamian,an
529,City,Milan,Milanese,ese
530,City,Milwaukee,Milwaukeean,an
531,City,Minsk,Minskite,ite
532,City,Misrata,Misratan,n
533,City,Minot,Minotian,ian
534,City,Mississauga,Mississaugan,n
535,City,Monrovia,Monrovian,n
536,City,Montreal,Montrealer,er
537,City,Moose,Moose,
538,City,Moscow,Moscowite,ite
539,City,Mumbai,Mumbaikar,kar
540,City,Mymensingh,Mymensinghi,i
541,City,Mysore,Mysorean,an
542,City,Nagoya,Nagoyan,n
543,City,Nairobi,Nairobian,an
544,City,Nanaimo,Nanaimoite,ite
545,City,Napier,Napieran,an
546,City,Nelson,Nelson,
547,City,Netanya,Netanyan,n
548,City,New,New,
549,City,Nicosia,Nicosian,n
550,City,Norfolk,Norfolker,er
551,City,Northampton,Northamptonian,ian
552,City,Nuremberg,Nuremberger,er
553,City,Oakbank,Oakbankian,ian
554,City,Oakland,Oaklander,er
555,City,Oamaru,Oamaru,
556,City,Oaxaca,Oaxacan,n
557,City,Odesa,Odesan,n
558,City,Oklahoma,Oklahoma,
559,City,Omaha,Omahan,n
560,City,Omak,Omakian,ian
561,City,Ordu,Ordunite,nite
562,City,Osaka,Osakan,n
563,City,Oslo,Oslovian,vian
564,City,Ottawa,Ottawan,n
565,City,Paddock,Paddock,
566,City,Padua,Paduan,n
567,City,Paducah,Paducahan,an
568,City,Palmerston,Palmerstonian,ian
569,City,Paris,Parisian,ian
570,City,Penang,Penangite,ite
571,City,Perth,Perthite,ite
572,City,Perugia,Perugian,n
573,City,Philadelphia,Philadelphian,n
574,City,Phnom,Phnom,
575,City,Pissouri,Pissouriti,ti
576,City,Pisa,Pisan,n
577,City,Pittsburgh,Pittsburgher,er
578,City,Pohang,Pohang,
579,City,Port,Port,
580,City,Portland,Portlander,er
581,City,Portsmouth,Portsmouthian,ian
582,City,Prague,Praguer,r
583,City,Preston,Prestonian,ian
584,City,Pripyat,Pripyatin,in
585,City,Provo,Provoan,an
586,City,Quito,Quitonian,nian
587,City,Rajshahi,Rajshahiyo,yo
588,City,Radnor,Radnorian,ian
589,City,Raleigh,Raleighite,ite
590,City,Randall,Randallite,ite
591,City,Rangpur,Rangpuri,i
592,City,Reading,Readingite,ite
593,City,Red,Red,
594,City,Regina,Regina,
595,City,Reno,Renoite,ite
596,City,Ribeirao,Ribeirao,
597,City,Richmond,Richmonder,er
598,City,Riga,Rigan,n
599,City,Roanoke,Roanoker,r
600,City,Rochester,Rochesterian,ian
601,City,Rockhampton,Rockhampton,
602,City,Rotorua,Rotoruan,n
603,City,Rouen,Rouennais,nais
604,City,Rye,Ryer,r
605,City,Saint,Saint,
606,City,Salem,Salemite,ite
607,City,Salford,Salfordian,ian
608,City,Salt,Salt,
609,City,Salzburg,Salzburger,er
610,City,Sambalpur,Sambalpuria,ia
611,City,Samsun,Samsunite,ite
612,City,San,San,
613,City,Santa,Santa,
614,City,Saskatoon,Saskatoon,
615,City,Seattle,Seattleite,ite
616,City,Seoul,Seoulite,ite
617,City,Serra,Serrano,no
618,City,Shanghai,Shanghainese,nese
619,City,Side,Sidetan,tan
620,City,Silver,Silver,
621,City,Singapore,Singaporean,an
622,City,Sofia,Sofian,n
623,City,Somers,Somersite,ite
624,City,Sparta,Spartan,n
625,City,Springfield,Springfieldian,ian
626,City,St.,St.,
627,City,Stockholm,Stockholmer,er
628,City,Stuttgart,Stuttgarter,er
629,City,Sunshine,Sunshine,
630,City,Swindon,Swindonian,ian
631,City,Sylhet,Sylheti,i
632,City,Tacoma,Tacoman,n
633,City,Tallahassee,Tallahasseean,an
634,City,Tallinn,Tallinner,er
635,City,Tampa,Tampan,n
636,City,Tartu,Tartuan,an
637,City,Taunton,Tauntonian,ian
638,City,Tauranga,Taurangan,n
639,City,Tbilisi,Tbilisian,an
640,City,Tehran,Tehrani,i
641,City,Tel,Tel,
642,City,Timaru,Timaru,
643,City,Tirana,Tiranas,s
644,City,Toowoomba,Toowoomban,n
645,City,Toronto,Torontonian,nian
646,City,Tournai,Tournaisian,sian
647,City,Trabzon,Trabzonian,ian
648,City,Traverse,Traverse,
649,City,Trevor,Trevorite,ite
650,City,Tripoli,Tripolitan,tan
651,City,Tripoli,Tripolitano,tano
652,City,Tucson,Tucsonian,ian
653,City,Tulsa,Tulsan,n
654,City,Turin,Turinese,ese
655,City,Twin,Twin,
656,City,Ulsan,Ulsan,
657,City,Valencia,Valencian,n
658,City,Van,Vanian,ian
659,City,Vancouver,Vancouverite,ite
660,City,Veracruz,Veracruzano,ano
661,City,Victoria,Victorian,n
662,City,Villanova,Villanovan,n
663,City,Ville,Ville,
664,City,Vizag,Vizagite,ite
665,City,Waco,Wacoite,ite
666,City,Warangal,Warangalite,ite
667,City,Washington,Washingtonian,ian
668,City,Waterford,Waterfordian,ian
669,City,Wellington,Wellington,
670,City,Wheatland,Wheatlander,er
671,City,Whitehorse,Whitehorser,r
672,City,Wichita,Wichitan,n
673,City,Wilmot,Wilmotter,ter
674,City,Xanthi,Xanthian,an
675,City,Yellowknife,Yellowknifer,r
676,City,Yeosu,Yeosu,
677,City,Yerevan,Yerevantsi,tsi
678,City,Yogyakarta,Yogyakartan,n
679,City,Yokohama,Yokohaman,n
680,City,Zagreb,Zagrebian,ian
681,City,Zaragoza,Zaragozan,n
682,City,Zonguldak,Zonguldaki,i
683,City,Zintan,Zintani,i
684,City,Zurich,Zuricher,er
685,City,Zwolle,Zwollenaar,naar
686,Extra,Abkhazia,Abkhazian,n
687,Extra,Alaska,Alaskan,n
688,Extra,Alberta,Albertan,n
689,Extra,Andalusia,Andalusian,n
690,Extra,Arizona,Arizonan,n
691,Extra,Bavaria,Bavarian,n
692,Extra,Bohemia,Bohemian,n
693,Extra,British Columbia,British Columbian,n
694,Extra,California,Californian,n
695,Extra,Carinthia,Carinthian,n
696,Extra,Corsica,Corsican,n
697,Extra,Crimea,Crimean,n
698,Extra,Cumbria,Cumbrian,n
699,Extra,Dalmatia,Dalmatian,n
700,Extra,Delaware,Delawarean,an
701,Extra,Extremadura,Extremaduran,n
702,Extra,Florida,Floridan,n
703,Extra,Galicia,Galician,n
704,Extra,Georgia,Georgian,n
705,Extra,Idaho,Idahoan,an
706,Extra,Illinois,Illinoisan,an
707,Extra,Iowa,Iowan,n
708,Extra,Jakarta,Jakartan,n
709,Extra,Java,Javan,n
710,Extra,Johor,Johorean,ean
711,Extra,Judea,Judean,n
712,Extra,Karelia,Karelian,n
713,Extra,Kedah,Kedahan,an
714,Extra,Liguria,Ligurian,n
715,Extra,Louisiana,Louisianan,n
716,Extra,Madeira,Madeiran,n
717,Extra,Malacca,Malaccan,n
718,Extra,Majorca,Majorcan,n
719,Extra,Manitoba,Manitoban,n
720,Extra,Maryland,Marylander,er
721,Extra,Masuria,Masurian,n
722,Extra,Menorca,Menorcan,n
723,Extra,Minnesota,Minnesotan,n
724,Extra,Mississippi,Mississippian,an
725,Extra,Missouri,Missourian,an
726,Extra,Montana,Montanan,n
727,Extra,Moravia,Moravian,n
728,Extra,Nebraska,Nebraskan,n
729,Extra,Nevada,Nevadan,n
730,Extra,New Jersey,New Jerseyan,an
731,Extra,North Dakota,North Dakotan,n
732,Extra,Nova Scotia,Nova Scotian,n
733,Extra,Ohio,Ohioan,an
734,Extra,Oklahoma,Oklahoman,n
735,Extra,Oregon,Oregonian,ian
736,Extra,Papua,Papuan,n
737,Extra,Patagonia,Patagonian,n
738,Extra,Pennsylvania,Pennsylvanian,n
739,Extra,Pomerania,Pomeranian,n
740,Extra,Samogitia,Samogitian,n
741,Extra,Sabah,Sabahan,an
742,Extra,Sardinia,Sardinian,n
743,Extra,Saskatchewan,Saskatchewanian,ian
744,Extra,Silesia,Silesian,n
745,Extra,Slavonia,Slavonian,n
746,Extra,South Australia,South Australian,n
747,Extra,South Dakota,South Dakotan,n
748,Extra,Styria,Styrian,n
749,Extra,Sumatra,Sumatran,n
750,Extra,Sumba,Sumban,n
751,Extra,Sumbawa,Sumbawan,n
752,Extra,Syrmia,Syrmian,n
753,Extra,Tahiti,Tahitian,an
754,Extra,Taranaki,Taranakian,an
755,Extra,Tasmania,Tasmanian,n
756,Extra,Thuringia,Thuringian,n
757,Extra,Transnistria,Transnistrian,n
758,Extra,Transylvania,Transylvanian,n
759,Extra,Umbria,Umbrian,n
760,Extra,Utah,Utahn,n
761,Extra,Victoria,Victorian,n
762,Extra,Virginia,Virginian,n
763,Extra,Waikato,Waikatorian,rian
764,Extra,Wallachia,Wallachian,n
765,Extra,Western Australia,Western Australian,n
766,Extra,West Papua,West Papuan,n
767,Extra,Westphalia,Westphalian,n
768,Extra,Wisconsin,Wisconsinite,ite
769,Extra,Adelaide,Adelaidean,an
770,Extra,Alexandria,Alexandrian,n
771,Extra,Albuquerque,Albuquerquean,an
772,Extra,Atlanta,Atlantan,n
773,Extra,Baltimore,Baltimorean,an
774,Extra,Bristol,Bristolian,ian
775,Extra,Brockton,Brocktonian,ian
776,Extra,Canberra,Canberran,n
777,Extra,Charlotte,Charlottean,an
778,Extra,Chattanooga,Chattanoogan,n
779,Extra,Chicago,Chicagoan,an
780,Extra,Cincinnati,Cincinnatian,an
781,Extra,Coimbatore,Coimbatoreian,ian
782,Extra,Danu,Danuan,an
783,Extra,El Paso,El Pasoan,an
784,Extra,Hanoi,Hanoian,an
785,Extra,Hobart,Hobartian,ian
786,Extra,Istanbul,Istanbulite,ite
787,Extra,Izmir,Izmirian,ian
788,Extra,Kalamazoo,Kalamazooan,an
789,Extra,Kyiv,Kyivan,an
790,Extra,Madera,Maderan,n
791,Extra,Manila,Manilan,n
792,Extra,Mecca,Meccan,n
793,Extra,Medina,Medinan,n
794,Extra,Miami,Miamian,an
795,Extra,Milwaukee,Milwaukeean,an
796,Extra,Naypyidaw,Naypyidawan,an
797,Extra,Oklahoma City,Oklahoma Cityan,an
798,Extra,Ottawa,Ottawan,n
799,Extra,Philadelphia,Philadelphian,n
800,Extra,Pisa,Pisan,n
801,Extra,Pueblo,Puebloan,an
802,Extra,Regina,Reginan,n
803,Extra,Riga,Rigan,n
804,Extra,Salem,Salemian,ian
805,Extra,San Jose,San Josean,an
806,Extra,Sarasota,Sarasotan,n
807,Extra,Sioux City,Sioux Cityan,an
808,Extra,Sofia,Sofian,n
809,Extra,St. Louis,St. Louisan,an
810,Extra,Surabaya,Surabayan,n
811,Extra,Tucson,Tucsonian,ian
812,Extra,Tulsa,Tulsan,n
813,Extra,Utica,Utican,n
814,Extra,Valencia,Valencian,n
815,Extra,Aarhus,Aarhusian,ian
816,Extra,Banat,Banatian,ian
817,Extra,Ballarat,Ballaratian,ian
818,Extra,Banglore,Banglorean,an
819,Extra,Banten,Bantenian,ian
820,Extra,Blackburn,Blackburnian,ian
821,Extra,Bangkok,Bangkokian,ian
822,Extra,Boston,Bostonian,ian
823,Extra,Bracknell,Bracknellian,ian
824,Extra,Bradford,Bradfordian,ian
825,Extra,Brighton,Brightonian,ian
826,Extra,Catalonia,Catalonian,n
827,Extra,Chelmsford,Chelmsfordian,ian
828,Extra,Christchurch,Christchurchian,ian
829,Extra,Cirebon,Cirebonian,ian
830,Extra,Corinth,Corinthian,ian
831,Extra,Darwin,Darwinian,ian
832,Extra,Dayton,Daytonian,ian
833,Extra,Devon,Devonian,ian
834,Extra,Duluth,Duluthian,ian
835,Extra,Edmonton,Edmontonian,ian
836,Extra,Fort Worth,Fort Worthian,ian
837,Extra,Fredericton,Frederictonian,ian
838,Extra,Hamilton,Hamiltonian,ian
839,Extra,Hereford,Herefordian,ian
840,Extra,Houston,Houstonian,ian
841,Extra,Jessup,Jessupian,ian
842,Extra,Kingston,Kingstonian,ian
843,Extra,Lexington,Lexingtonian,ian
844,Extra,Madison,Madisonian,ian
845,Extra,Michigan,Michiganian,ian
846,Extra,Nelson,Nelsonian,ian
847,Extra,Paris,Parisian,ian
848,Extra,Perlis,Perlisian,ian
849,Extra,Perak,Perakian,ian
850,Extra,Harcourt,Harcourtian,ian
851,Extra,Saint Petersburg,Saint Petersburgian,ian
852,Extra,Sarawak,Sarawakian,ian
853,Extra,Savannah,Savannahian,ian
854,Extra,Swindon,Swindonian,ian
855,Extra,Telford,Telfordian,ian
856,Extra,Truro,Truronian,nian
857,Extra,Washington,Washingtonian,ian
858,Extra,Wellington,Wellingtonian,ian
859,Extra,Wilmington,Wilmingtonian,ian
860,Extra,Yukon,Yukonian,ian
861,Extra,Bendigo,Bendigonian,nian
862,Extra,Buffalo,Buffalonian,nian
863,Extra,Naga,Naganian,nian
864,Extra,Panama,Panamanian,nian
865,Extra,Sligo,Sligonian,nian
866,Extra,Tampa,Tampanian,nian
867,Extra,Tobago,Tobagonian,nian
868,Extra,Toronto,Torontonian,nian
869,Extra,Wa,Wanian,nian
870,Extra,Levant,Levantine,ine
871,Extra,Lucena,Lucenahin,hin
872,Extra,Tayabas,Tayabasin,in
873,Extra,Lucban,Lucbanin,in
874,Extra,Infanta,Infantahin,hin
875,Extra,Sariaya,Sariayahin,hin
876,Extra,Talim,Talimin,in
877,Extra,Isabang,Isabangin,in
878,Extra,Morong,Morongin,in
879,Extra,Bicol,Bicolano,ano
880,Extra,Cebu,Cebuano,ano
881,Extra,Tauranga,Taurangan,n
882,Extra,Akron,Akronite,ite
883,Extra,Ann Arbor,Ann Arborite,ite
884,Extra,Austin,Austinite,ite
885,Extra,Bagansiapiapi,Bagansiapiapite,te
886,Extra,Baku,Bakuvite,vite
887,Extra,Boulder,Boulderite,ite
888,Extra,Bronx,Bronxite,ite
889,Extra,Brooklyn,Brooklynite,ite
890,Extra,Chennai,Chennaiite,ite
891,Extra,Dallas,Dallasite,ite
892,Extra,Decatur,Decaturite,ite
893,Extra,Delhi,Delhite,te
894,Extra,Denver,Denverite,ite
895,Extra,Dhaka,Dhakaite,ite
896,Extra,Dubai,Dubaiite,ite
897,Extra,Dunedin,Dunedinite,ite
898,Extra,Durban,Durbanite,ite
899,Extra,Gaya,Gayaite,ite
900,Extra,Guelph,Guelphite,ite
901,Extra,Israel,Israelite,ite
902,Extra,Jerusalem,Jerusalemite,ite
903,Extra,Karachi,Karachiite,ite
904,Extra,Kweyol,Kweyolite,ite
905,Extra,Labuan Bajo,Labuan Bajoite,ite
906,Extra,Leicester,Leicesterite,ite
907,Extra,Manhattan,Manhattanite,ite
908,Extra,Mumbai,Mumbaiite,ite
909,Extra,Oban,Obanite,ite
910,Extra,Pahang,Pahangite,ite
911,Extra,Patna,Patnaite,ite
912,Extra,Penang,Penangite,ite
913,Extra,Perth,Perthite,ite
914,Extra,Pullman,Pullmanite,ite
915,Extra,Putney,Putneyite,ite
916,Extra,Queens,Queensite,ite
917,Extra,Reading,Readingite,ite
918,Extra,Salem,Salemite,ite
919,Extra,Seattle,Seattleite,ite
920,Extra,Seoul,Seoulite,ite
921,Extra,Shillong,Shillongite,ite
922,Extra,Sydney,Sydneyite,ite
923,Extra,Tokyo,Tokyoite,ite
924,Extra,Vancouver,Vancouverite,ite
925,Extra,Vizag,Vizagite,ite
926,Extra,Warangal,Warangalite,ite
927,Extra,Winston-Salem,Winston-Salemite,ite
928,Extra,Wrexham,Wrexhamite,ite
929,Extra,Wyoming,Wyomingite,ite
930,Extra,Yangon,Yangonite,ite
931,Extra,Amsterdam,Amsterdammer,mer
932,Extra,Auckland,Aucklander,er
933,Extra,Beijing,Beijinger,er
934,Extra,Belgrade,Belgrader,r
935,Extra,Bergen,Bergener,er
936,Extra,Berlin,Berliner,er
937,Extra,Bucharest,Bucharester,er
938,Extra,Budapest,Budapester,er
939,Extra,Cleveland,Clevelander,er
940,Extra,Copenhagen,Copenhagener,er
941,Extra,Detroit,Detroiter,er
942,Extra,Dublin,Dubliner,er
943,Extra,Dresden,Dresdener,er
944,Extra,Fife,Fifer,r
945,Extra,Frankfurt,Frankfurter,er
946,Extra,Greenland,Greenlander,er
947,Extra,Hamburg,Hamburger,er
948,Extra,Hannover,Hannoveraner,aner
949,Extra,Iceland,Icelander,er
950,Extra,Leipzig,Leipziger,er
951,Extra,Liechtenstein,Liechtensteiner,er
952,Extra,London,Londoner,er
953,Extra,Lorraine,Lorrainer,r
954,Extra,Luxembourg,Luxembourger,er
955,Extra,Maine,Mainer,r
956,Extra,Michigan,Michigander,der
957,Extra,Montreal,Montrealer,er
958,Extra,New Brunswick,New Brunswicker,er
959,Extra,New England,New Englander,er
960,Extra,New York,New Yorker,er
961,Extra,New Zealand,New Zealander,er
962,Extra,Newfoundland,Newfoundlander,er
963,Extra,Oakland,Oaklander,er
964,Extra,Pittsburgh,Pittsburgher,er
965,Extra,Prague,Praguer,r
966,Extra,Prince Edward Island,Prince Edward Islander,er
967,Extra,Puntland,Puntlander,er
968,Extra,Quebec,Quebecker,ker
969,Extra,Queensland,Queenslander,er
970,Extra,Rhineland,Rhinelander,er
971,Extra,Rhode Island,Rhode Islander,er
972,Extra,Rotterdam,Rotterdammer,mer
973,Extra,Saigon,Saigoner,er
974,Extra,Stockholm,Stockholmer,er
975,Extra,Stuttgart,Stuttgarter,er
976,Extra,Tallinn,Tallinner,er
977,Extra,Vermont,Vermonter,er
978,Extra,Winnipeg,Winnipegger,ger
979,Extra,Yellowknife,Yellowknifer,r
980,Extra,Yukon,Yukoner,er
981,Extra,Zurich,Zuricher,er
982,Extra,Niger,Nigerish,ish
983,Extra,Savoy,Savoyard,ard
984,Extra,Ajman,Ajmanese,ese
985,Extra,Aragon,Aragonese,ese
986,Extra,Aceh,Acehnese,nese
987,Extra,Assam,Assamese,ese
988,Extra,Bali,Balinese,nese
989,Extra,Bengal,Bengalese,ese
990,Extra,Benin,Beninese,ese
991,Extra,Bergen,Bergenese,ese
992,Extra,Bern,Bernese,ese
993,Extra,Bearn,Bearnese,ese
994,Extra,Bhutan,Bhutanese,ese
995,Extra,Congo,Congolese,lese
996,Extra,East Timor,East Timorese,ese
997,Extra,Fujairah,Fujairahnese,nese
998,Extra,Gabon,Gabonese,ese
999,Extra,Grenadines,Grenadinese,e
1000,Extra,Hainan,Hainanese,ese
1001,Extra,Hunan,Hunanese,ese
1002,Extra,Japan,Japanese,ese
1003,Extra,Java,Javanese,nese
1004,Extra,Kawthaung,Kawthaunggese,gese
1005,Extra,Kelantan,Kelantanese,ese
1006,Extra,Kokang,Kokanggese,gese
1007,Extra,Leon,Leonese,ese
1008,Extra,London,Londonese,ese
1009,Extra,Milan,Milanese,ese
1010,Extra,Navarre,Navarrese,se
1011,Extra,Negeri Sembilan,Negeri Sembilanese,ese
1012,Extra,Pahang,Pahangese,ese
1013,Extra,Piedmont,Piedmontese,ese
1014,Extra,Pittsburgh,Pittsburghese,ese
1015,Extra,Khaimah,Khaimahnese,nese
1016,Extra,Saba,Sabanese,nese
1017,Extra,Sark,Sarkese,ese
1018,Extra,Senegal,Senegalese,ese
1019,Extra,Shanghai,Shanghaiese,ese
1020,Extra,Sharjah,Sharjahnese,nese
1021,Extra,Siam,Siamese,ese
1022,Extra,Sikkim,Sikkimese,ese
1023,Extra,Sudan,Sudanese,ese
1024,Extra,Suriname,Surinamese,se
1025,Extra,Swindon,Swindonese,ese
1026,Extra,Taiwan,Taiwanese,ese
1027,Extra,Togo,Togolese,lese
1028,Extra,Quwain,Quwainese,ese
1029,Extra,Vietnam,Vietnamese,ese
1030,Extra,Azawad,Azawadi,i
1031,Extra,Azra,Azragi,gi
1032,Extra,Balochistan,Balochistani,i
1033,Extra,Barisal,Barisali,i
1034,Extra,Beirut,Beiruti,i
1035,Extra,Bengal,Bengali,i
1036,Extra,Bharat,Bharatiya,iya
1037,Extra,Bihar,Bihari,i
1038,Extra,Dagestan,Dagestani,i
1039,Extra,Dhaka,Dhakaiya,iya
1040,Extra,Faridabad,Faridabadi,i
1041,Extra,Gujarat,Gujarati,i
1042,Extra,Hazara,Hazaragi,gi
1043,Extra,Hyderabad,Hyderabadi,i
1044,Extra,Kumaon,Kumaoni,i
1045,Extra,Punjab,Punjabi,i
1046,Extra,Rajasthan,Rajasthani,i
1047,Extra,Rangpur,Rangpuri,i
1048,Extra,Sindh,Sindhi,i
1049,Extra,Sylhet,Sylheti,i
1050,Extra,Tel Aviv,Tel Avivi,i
1051,Extra,Lesotho,Lesothonian,nian
1052,Extra,Oamaru,Oamaruvian,vian
1053,Extra,Oslo,Oslovian,vian
1054,Extra,Peru,Peruvian,vian
1055,Extra,Benin,Beninoi,oi
1056,Extra,Gabon,Gabonai,ai
1057,Extra,Quebec,Quebecoi,oi
1058,Extra,Tripoli,Tripolitan,tan